State Inflow Capacity,,,,,,,,,,,,,,,,,,,,,,,,,,,
,,,,,,,,,,,,,,,,,,,,,,,,,,,
,,,,,,,,,,,,,,,,,,,,,,,,,,,
Sum of Capacity (mmcfd),,year,,,,,,,,,,,,,,,,,,,,,,,,,
State To,State From,2018,2017,2016,2015,2014,2013,2012,2011,2010,2009,2008,2007,2006,2005,2004,2003,2002,2001,2000,1999,1998,1997,1996,1995,1994,1990
Alabama,Georgia,"1,700",975,525,525,,,,,,,,,,,,,,,,,,,,,,
,Gulf of Mexico,"2,387","2,387","2,387","2,387","2,387","2,387","2,387","2,387","2,387","2,387","2,387","2,387","2,387","2,387","2,387","2,387","2,125","2,125","2,125","2,125","1,956","1,606","1,295","1,000",600,
,Mississippi,"19,867","19,798","19,798","19,798","19,753","19,242","19,242","19,117","18,992","18,992","17,459","13,912","13,912","13,912","13,912","13,745","12,867","12,199","12,119","12,119","12,119","12,119","11,974","11,919","11,440",30
,Tennessee,"3,604","3,604","2,801","2,456","2,081",981,981,981,981,981,531,531,531,531,531,531,531,531,531,531,531,510,510,510,510,
Alabama Total,,"27,558","26,764","25,511","25,166","24,221","22,610","22,610","22,485","22,360","22,360","20,377","16,830","16,830","16,830","16,830","16,663","15,523","14,855","14,775","14,775","14,606","14,235","13,779","13,429","12,550",30
Arizona,California,695,695,695,695,695,695,695,695,695,614,614,614,0,0,0,0,0,0,0,0,0,0,0,0,0,
,New Mexico,"5,992","5,810","5,810","5,810","5,810","5,810","5,810","5,810","5,998","5,998","5,998","5,998","5,998","5,998","5,998","5,678","5,678","5,361","5,361","5,225","5,225","5,225","5,225","5,225","5,225",
Arizona Total,,"6,687","6,505","6,505","6,505","6,505","6,505","6,505","6,505","6,693","6,612","6,612","6,612","5,998","5,998","5,998","5,678","5,678","5,361","5,361","5,225","5,225","5,225","5,225","5,225","5,225",
Arkansas,Louisiana,"7,903","7,903","7,903","7,903","7,903","7,903","7,903","7,903","7,903","7,903","7,903","7,903","7,903","7,903","7,903","7,903","7,903","7,903","7,484","7,731","7,731","7,731","7,716","7,716","7,716","1,338"
,Mississippi,"3,899","3,899","1,508",750,,,,,,,,,,,,,,,,,,,,,,
,Missouri,485,25,25,25,25,25,25,25,25,25,25,25,25,25,25,25,25,25,25,25,25,25,25,25,25,
,Oklahoma,"2,159","2,159","2,159","2,159","2,159","2,159","2,159","2,159","2,159","2,159","2,027","2,027","2,027","2,002","2,002","2,002","2,002","2,002","2,002","2,002","1,842","1,842","1,842","1,842","1,842",
,Tennessee,25,25,25,25,25,25,25,25,25,25,25,25,25,25,25,25,25,25,25,25,25,25,25,25,25,
,Texas,"2,184","2,184","2,184","2,184","2,184","2,184","2,184","2,184","2,072","2,072","2,072","2,072","2,072","2,072","2,072","2,072","2,072","2,072","2,072","2,072","2,072","2,072","2,072","2,072","2,072",
Arkansas Total,,"16,655","16,195","13,804","13,046","12,296","12,296","12,296","12,296","12,184","12,184","12,052","12,052","12,052","12,027","12,027","12,027","12,027","12,027","11,608","11,855","11,695","11,695","11,680","11,680","11,680","1,338"
British Columbia,Washington,51,51,51,51,51,51,51,51,51,51,51,51,51,51,51,51,51,51,51,51,0,0,0,0,0,
British Columbia Total,,51,51,51,51,51,51,51,51,51,51,51,51,51,51,51,51,51,51,51,51,0,0,0,0,0,
California,Arizona,"6,439","6,257","6,257","6,257","6,257","6,257","6,257","6,257","6,257","6,257","6,257","6,257","6,257","6,257","5,755","5,755","5,755","4,825","4,825","4,825","4,825","4,825","4,825","4,825","4,825",
,California,60,60,60,60,60,60,60,60,60,60,60,60,60,60,60,60,60,60,60,60,60,60,60,60,60,
,Mexico,614,614,614,614,614,614,614,614,614,614,614,614,0,0,0,0,0,0,0,0,0,0,0,0,0,
,Nevada,"2,189","2,189","2,189","2,189","2,189","2,189","2,189","2,189","1,923","1,778","1,778","1,778","1,778","1,778","1,778","1,778",878,878,743,743,743,743,730,730,730,
,Oregon,"2,255","2,255","2,255","2,255","2,255","2,255","2,255","2,255","2,255","2,255","2,255","2,255","2,255","2,255","2,255","2,255","2,255","1,994","1,994","1,974","1,974","1,900","1,900","1,900","1,790",
California Total,,"11,557","11,375","11,375","11,375","11,375","11,375","11,375","11,375","11,109","10,964","10,964","10,964","10,350","10,350","9,848","9,848","8,948","7,757","7,622","7,602","7,602","7,528","7,515","7,515","7,405",
Colorado,Kansas,385,385,385,385,385,385,385,385,385,385,385,385,385,385,385,385,385,385,385,385,385,385,385,385,385,
,Nebraska,"2,713","2,713","2,713","2,713","2,713","2,968","2,968","2,968","2,968","2,968","2,668","1,168","1,168","1,168","1,168","1,168","1,168",844,844,844,844,844,484,484,484,
,New Mexico,250,250,250,250,250,250,250,250,250,250,250,250,0,0,0,0,0,0,0,0,0,0,0,0,0,
,Oklahoma,200,200,200,200,200,200,200,200,200,200,200,200,200,200,200,200,200,200,200,200,200,200,200,200,200,
,Utah,723,723,723,723,723,723,723,723,723,723,600,525,525,525,525,525,525,525,525,525,525,525,525,525,525,
,Wyoming,"5,255","5,033","5,033","5,033","5,033","5,033","5,033","5,033","5,033","5,033","4,678","4,248","3,598","2,848","2,848","2,848","2,848","2,848","2,159","2,026","1,758","1,688","1,466","1,447","1,447",
Colorado Total,,"9,526","9,304","9,304","9,304","9,304","9,559","9,559","9,559","9,559","9,559","8,780","6,775","5,875","5,125","5,125","5,125","5,125","4,801","4,113","3,979","3,711","3,641","3,059","3,040","3,040",
Connecticut,Massachusetts,164,164,164,164,164,164,164,164,164,164,164,164,164,164,164,164,164,164,81,81,81,81,81,81,81,
,New York,"2,918","2,825","2,713","2,371","2,371","2,371","2,371","2,371","2,371","2,371","2,371","1,953","1,953","1,953","1,953","1,723","1,723","1,663","1,650","1,635","1,606","1,571","1,571","1,571","1,503",934
,Rhode Island,275,275,275,275,275,275,275,275,275,,,,,,,,,,,,,,,,,
Connecticut Total,,"3,357","3,264","3,152","2,810","2,810","2,810","2,810","2,810","2,810","2,535","2,535","2,117","2,117","2,117","2,117","1,887","1,887","1,827","1,731","1,716","1,687","1,652","1,652","1,652","1,584",934
Delaware,Maryland,145,145,145,145,145,145,145,145,145,145,145,134,124,98,79,74,74,69,57,57,57,55,55,55,55,
,Pennsylvania,729,729,729,729,625,380,380,380,380,380,380,380,380,380,380,380,380,380,380,372,363,358,358,358,343,
Delaware Total,,874,874,874,874,770,525,525,525,525,525,525,514,504,478,459,454,454,449,437,429,420,413,413,413,398,
District of Columbia,Maryland,80,80,80,80,80,80,80,80,80,80,80,80,80,80,80,80,80,80,80,80,80,80,80,80,80,
,Virginia,180,180,180,180,180,180,180,180,180,180,180,180,180,180,180,180,120,120,120,120,120,120,120,120,120,
District of Columbia Total,,260,260,260,260,260,260,260,260,260,260,260,260,260,260,260,260,200,200,200,200,200,200,200,200,200,
Florida,Alabama,"4,710","4,650","4,650","4,650","4,650","4,650","4,650","4,650","3,699","3,699","3,699","3,544","3,544","3,544","3,544","3,544","3,293","1,865","1,665","1,665","1,665","1,640","1,640","1,640","1,105",
,Georgia,"1,476","1,476",646,411,411,411,411,411,411,411,411,411,56,56,56,56,56,56,56,56,56,56,56,56,56,
Florida Total,,"6,186","6,126","5,296","5,061","5,061","5,061","5,061","5,061","4,110","4,110","4,110","3,955","3,600","3,600","3,600","3,600","3,349","1,921","1,721","1,721","1,721","1,696","1,696","1,696","1,161",
Georgia,Alabama,"8,348","8,348","7,518","7,518","7,518","7,518","7,518","7,298","7,079","6,954","6,954","6,954","6,954","6,954","6,954","6,763","6,113","5,643","5,626","5,426","5,426","5,274","5,129","5,074","4,959",
,South Carolina,"1,890","1,165",715,715,190,190,190,190,190,190,190,190,190,190,190,190,55,55,55,55,55,55,55,55,55,
,Tennessee,222,222,222,222,222,222,222,222,222,222,222,222,222,222,222,222,222,62,62,62,62,62,62,62,62,
Georgia Total,,"10,460","9,735","8,455","8,455","7,930","7,930","7,930","7,710","7,491","7,366","7,366","7,366","7,366","7,366","7,366","7,175","6,390","5,760","5,743","5,543","5,543","5,391","5,246","5,191","5,076",
Gulf of Mexico,Gulf of Mexico - Deepwater,"6,010","6,010","6,010","6,010","6,010","6,010","6,010","6,010","6,010","5,710","5,710","5,710","4,460","4,460","4,460","4,160","4,160","4,160","4,160","3,760","3,760","3,760","1,960","1,960","1,960",
Gulf of Mexico Total,,"6,010","6,010","6,010","6,010","6,010","6,010","6,010","6,010","6,010","5,710","5,710","5,710","4,460","4,460","4,460","4,160","4,160","4,160","4,160","3,760","3,760","3,760","1,960","1,960","1,960",
Idaho,British Columbia,"2,741","2,741","2,741","2,741","2,741","2,741","2,741","2,741","2,741","2,741","2,741","2,741","2,741","2,741","2,741","2,741","2,741","2,534","2,534","2,534","2,534","2,460","2,460","2,460","2,460",
,Oregon,481,481,481,481,481,481,481,481,481,481,481,481,481,481,481,481,481,481,481,481,481,481,481,481,471,
,Utah,680,680,675,675,675,675,675,675,675,675,675,675,675,675,675,675,464,464,444,444,444,444,444,444,444,
,Washington,59,59,59,59,59,59,59,59,59,59,59,59,59,59,59,59,59,59,59,59,59,59,59,59,59,
Idaho Total,,"3,961","3,961","3,956","3,956","3,956","3,956","3,956","3,956","3,956","3,956","3,956","3,956","3,956","3,956","3,956","3,956","3,745","3,538","3,518","3,518","3,518","3,444","3,444","3,444","3,434",
Illinois,Indiana,"5,028","4,678","3,928","4,328","1,928","1,928","1,928","1,928","1,928","2,078","2,078","2,078","2,078","2,078","2,078","2,078","2,078","2,078","2,078","2,078","2,078","2,078","1,944","1,944","1,944","1,250"
,Iowa,"5,943","5,943","5,943","5,943","5,943","5,943","5,943","5,943","5,943","5,943","5,943","5,943","5,943","5,813","5,738","5,738","5,738","5,570","5,375","3,743","3,743","2,963","2,963","2,941","2,891",513
,Kentucky,"1,544","1,544","1,544","1,544","1,544","1,544","1,544","1,544","1,544","1,544","1,544","1,544","1,544","1,544","1,544","1,544","1,544","1,544","1,799","1,799","1,799","1,799","1,799","1,799","1,799",
,Missouri,"5,887","5,887","5,887","5,887","5,887","5,887","5,887","5,887","5,887","5,887","4,087","4,087","4,087","4,087","4,087","4,087","4,087","4,087","4,087","4,087","4,087","4,087","4,087","4,087","4,087",
,Wisconsin,700,700,700,700,700,700,700,700,700,700,700,700,700,700,700,700,700,700,659,659,550,550,550,550,550,
Illinois Total,,"19,102","18,752","18,002","18,402","16,002","16,002","16,002","16,002","16,002","16,152","14,352","14,352","14,352","14,222","14,147","14,147","14,147","13,979","13,998","12,366","12,257","11,477","11,343","11,321","11,271","1,763"
Indiana,Illinois,"9,594","9,594","9,594","9,594","9,594","9,594","9,594","9,594","9,594","9,444","7,539","7,539","7,294","7,164","7,164","7,164","6,921","6,291","5,532","4,812","4,702","4,702","4,568","4,568","4,568","1,250"
,Kentucky,"3,614","3,614","3,614","3,560","3,560","3,560","3,560","3,560","3,560","3,560","3,560","3,560","3,560","3,560","3,560","3,560","3,560","3,560","3,560","3,560","3,560","3,560","3,560","3,560","3,560","1,315"
,Michigan,"1,567","1,567","1,567","1,567","1,567","1,567","1,567","1,567","1,567","1,567","1,567","1,567","1,567","1,567","1,567","1,567","1,567","1,567","1,567","1,567","1,567","1,567","1,417","1,417","1,417","1,273"
,Ohio,"5,460","5,110","3,785","2,227",468,468,468,468,468,468,468,468,468,468,468,468,468,468,468,468,468,468,468,468,468,
Indiana Total,,"20,235","19,885","18,560","16,948","15,189","15,189","15,189","15,189","15,189","15,039","13,134","13,134","12,889","12,759","12,759","12,759","12,516","11,886","11,127","10,407","10,297","10,297","10,013","10,013","10,013","3,838"
Iowa,Illinois,75,75,75,75,75,75,75,75,75,75,75,75,75,75,75,75,75,75,75,75,75,75,75,75,75,
,Minnesota,"4,125","4,125","4,125","4,125","4,125","4,125","4,125","4,125","4,125","4,125","4,125","4,125","4,125","4,125","4,050","4,050","4,050","3,882","3,882","2,250","2,250","1,575","1,575","1,575","1,575",0
,Missouri,680,680,680,680,680,680,680,680,680,680,680,680,680,680,680,680,680,680,680,680,680,680,680,680,680,
,Nebraska,"3,302","3,302","3,302","3,302","3,302","3,302","3,302","3,302","3,302","3,302","3,302","3,302","3,294","3,294","3,294","3,294","3,294","3,204","3,204","3,204","3,204","3,204","3,204","3,204","3,204",
,South Dakota,20,20,20,20,20,20,20,20,20,20,20,20,20,20,20,20,20,20,20,20,20,20,20,20,20,
Iowa Total,,"8,202","8,202","8,202","8,202","8,202","8,202","8,202","8,202","8,202","8,202","8,202","8,202","8,194","8,194","8,119","8,119","8,119","7,861","7,861","6,229","6,229","5,554","5,554","5,554","5,554",0
Kansas,Colorado,"1,519","1,519","1,519","1,519","1,519","1,519","1,519","1,519","1,519","1,519","1,519","1,429","1,400","1,400","1,126",566,566,566,566,480,480,480,450,450,450,
,Nebraska,"1,840","1,840","1,840","1,840","1,840","2,095","2,095","2,095","2,095","2,095","1,795",295,295,295,295,295,295,295,295,295,295,295,40,40,40,
,Oklahoma,"6,008","6,008","6,008","6,008","6,008","6,008","6,008","6,008","6,008","6,008","6,008","5,958","6,008","6,008","6,008","6,008","6,008","6,008","6,008","6,008","6,008","6,008","6,008","6,008","6,008",
Kansas Total,,"9,367","9,367","9,367","9,367","9,367","9,622","9,622","9,622","9,622","9,622","9,322","7,682","7,703","7,703","7,429","6,869","6,869","6,869","6,869","6,783","6,783","6,783","6,498","6,498","6,498",
Kentucky,Illinois,750,750,,,,,,,,,,,,,,,,,,,,,,,,
,Indiana,"2,142","2,142","1,858","1,100",350,350,350,350,350,350,350,350,350,350,350,350,350,0,0,0,0,0,0,0,0,
,Ohio,"4,243","4,243","3,579","3,221","1,996","1,996","1,996","1,996","1,996","1,996",219,219,219,219,219,219,219,219,219,219,219,219,219,219,219,
,Tennessee,"12,596","12,596","12,596","12,596","12,596","12,596","12,596","12,596","12,596","12,596","12,596","12,596","12,596","12,596","12,596","12,596","12,596","12,596","12,851","12,851","12,544","12,544","12,544","12,544","12,544",
,West Virginia,"2,701","2,389","2,389","1,951",520,520,76,76,76,76,76,76,76,76,76,76,76,76,76,76,76,76,76,76,76,
Kentucky Total,,"22,432","22,120","20,422","18,868","15,462","15,462","15,018","15,018","15,018","15,018","13,241","13,241","13,241","13,241","13,241","13,241","13,241","12,891","13,146","13,146","12,839","12,839","12,839","12,839","12,839",
Louisiana,Arkansas,"4,605","4,605","2,214","1,456",706,706,706,706,706,706,706,706,706,706,706,706,706,706,706,706,706,706,706,706,706,
,Gulf of Mexico,"16,784","16,784","16,784","16,784","16,784","16,784","16,784","16,784","16,784","16,784","17,994","17,994","17,994","17,994","17,844","17,844","17,844","17,844","17,844","17,844","17,844","16,944","15,744","14,944","14,944","1,919"
,Mississippi,"5,015","5,015","2,838","2,279","1,470",920,380,380,380,380,380,380,380,380,380,380,380,380,380,380,380,380,380,380,380,70
,Texas,"18,577","18,577","18,577","18,577","18,577","18,577","18,577","18,577","16,077","13,947","10,588","8,372","6,459","6,337","6,257","6,257","6,254","6,254","6,254","6,244","5,909","6,104","6,084","5,942","5,942",
Louisiana Total,,"44,981","44,981","40,413","39,096","37,537","36,987","36,447","36,447","33,947","31,817","29,668","27,452","25,539","25,417","25,187","25,187","25,184","25,184","25,184","25,174","24,839","24,134","22,914","21,972","21,972","1,989"
Maine,New Brunswick,833,833,833,833,833,833,833,833,833,833,415,415,415,415,415,415,415,415,415,400,0,0,0,0,0,
,New Hampshire,356,305,247,247,247,247,247,247,247,247,247,247,247,247,247,247,247,209,209,209,62,62,62,62,62,
Maine Total,,"1,189","1,138","1,080","1,080","1,080","1,080","1,080","1,080","1,080","1,080",662,662,662,662,662,662,662,624,624,609,62,62,62,62,62,
Manitoba,Minnesota,713,713,713,713,713,713,713,713,,,,,,,,,,,,,,,,,,
Manitoba Total,,713,713,713,713,713,713,713,713,,,,,,,,,,,,,,,,,,
Maryland,Delaware,22,22,22,22,22,22,22,22,22,22,22,22,22,22,16,16,16,16,16,16,16,15,10,10,10,
,Pennsylvania,"4,169","2,869","2,314","2,122","1,691","1,691","1,691","1,271","1,271","1,271","1,271","1,260","1,250","1,224","1,205",983,983,978,966,951,951,949,930,930,837,
,Virginia,"5,902","5,402","5,295","5,163","5,163","5,163","5,163","5,163","5,163","5,163","5,163","4,463","4,298","4,298","3,865","3,865","3,865","3,865","3,865","3,865","3,865","3,852","3,798","3,798","3,213",
,West Virginia,4,4,4,4,4,4,4,4,4,4,4,4,4,4,4,4,4,4,4,4,4,4,4,4,4,
Maryland Total,,"10,097","8,297","7,635","7,311","6,880","6,880","6,880","6,460","6,460","6,460","6,460","5,749","5,574","5,548","5,090","4,868","4,868","4,863","4,851","4,836","4,836","4,820","4,742","4,742","4,064",
Massachusetts,Connecticut,80,80,80,80,80,80,80,80,80,80,80,80,80,80,80,80,80,80,80,80,80,80,80,80,80,
,New Hampshire,835,833,833,833,833,833,833,833,833,833,628,628,628,628,628,628,628,628,588,588,0,0,0,0,0,
,New York,"1,169","1,169","1,169","1,169","1,169","1,169","1,169","1,169","1,169","1,169","1,169","1,169","1,059","1,059","1,059","1,059","1,059","1,059","1,059","1,059","1,059","1,059","1,059","1,059","1,059",
,Rhode Island,"1,180","1,087","1,047",705,705,705,705,705,705,705,705,705,705,705,705,705,705,705,705,705,705,705,705,705,705,665
Massachusetts Total,,"3,264","3,169","3,129","2,787","2,787","2,787","2,787","2,787","2,787","2,787","2,582","2,582","2,472","2,472","2,472","2,472","2,472","2,472","2,432","2,432","1,844","1,844","1,844","1,844","1,844",665
Mexico,Arizona,713,713,713,690,690,489,489,251,251,251,251,251,251,251,251,251,251,242,112,112,34,34,34,34,34,
,California,925,925,925,925,925,925,925,925,925,925,925,925,925,925,925,925,925,425,425,25,25,25,0,0,0,
,Texas,"9,457","8,324","5,824","5,254","5,114","2,799","2,197","2,197","2,197","2,147","2,147","2,087","2,087","2,087","2,049","2,062","1,667","1,232","1,232",982,797,797,589,589,589,
Mexico Total,,"11,095","9,962","7,462","6,869","6,729","4,213","3,611","3,373","3,373","3,323","3,323","3,263","3,263","3,263","3,225","3,238","2,843","1,899","1,769","1,119",856,856,623,623,623,
Michigan,Indiana,"3,609","3,609","3,609","3,609","3,609","3,609","3,609","3,609","3,609","3,609","3,504","3,504","3,259","3,259","3,259","3,259","3,259","2,979","2,979","2,259","2,259","2,259","2,109","2,109","2,109","1,226"
,Ohio,"4,892","1,892","1,892","1,892","1,892","1,892","1,892","1,892","1,892","1,892","1,892","1,892","1,892","1,892","1,892","1,892","1,892","1,892","1,892","1,892","1,892","1,892","1,892","1,892","1,892",
,Ontario,"3,082","3,082","3,082","3,082","3,082","3,082","3,082","3,082","3,082","3,082","2,977","2,977","2,732","2,732","2,732","2,732","2,732","2,452","2,452","1,732","1,732","1,732","1,732","1,732","1,482",
,Wisconsin,"2,456","2,456","2,456","2,456","2,456","2,456","2,456","2,456","2,456","2,456","2,456","2,456","2,456","2,456","2,456","2,456","2,456","2,456","2,456","2,456","2,456","2,330","2,330","2,330","2,330",
Michigan Total,,"14,039","11,039","11,039","11,039","11,039","11,039","11,039","11,039","11,039","11,039","10,829","10,829","10,339","10,339","10,339","10,339","10,339","9,779","9,779","8,339","8,339","8,213","8,063","8,063","7,813","1,226"
Minnesota,Iowa,"1,930","1,930","1,930","1,930","1,930","1,930","1,930","1,930","1,930","1,930","1,930","1,930","1,710","1,710","1,710","1,710","1,710","1,620","1,620","1,620","1,620","1,620","1,378","1,270","1,270",
,Manitoba,"2,991","2,991","2,991","2,991","2,991","2,991","2,991","2,991","2,991","2,991","2,991","2,991","2,991","2,991","2,991","2,991","2,991","2,991","2,991","2,991","2,963","2,837","2,774","2,755","2,755",
,North Dakota,"1,875","1,875","1,875","1,875","1,875","1,875","1,875","1,875","1,875","1,875","1,875","1,875","1,875","1,875","1,800","1,800","1,800","1,632","1,632",0,0,0,0,0,0,0
,Ontario,25,25,25,25,25,25,25,25,25,25,25,25,25,25,25,25,25,25,25,25,25,25,25,25,25,
,South Dakota,"2,375","2,375","2,375","2,375","2,375","2,375","2,375","2,375","2,375","2,375","2,375","2,375","2,375","2,375","2,375","2,375","2,375","2,375","2,375","2,375","2,375","1,675","1,675","1,675","1,675",
,Wisconsin,"2,226","2,226","2,226","2,226","2,226","2,226","2,226","2,226","2,226","2,226","2,226","2,226","2,226","2,226","2,226","2,226","2,226","2,226","2,226","2,226","2,226","2,226","2,226","2,226","2,226",
Minnesota Total,,"11,422","11,422","11,422","11,422","11,422","11,422","11,422","11,422","11,422","11,422","11,422","11,422","11,202","11,202","11,127","11,127","11,127","10,869","10,869","9,237","9,209","8,383","8,078","7,951","7,951",0
Mississippi,Alabama,"3,470","3,470","2,970","2,625","2,250","1,150","1,150","1,150","1,150","1,150",200,200,200,200,200,200,200,200,200,200,200,200,200,200,200,
,Arkansas,"11,411","11,411","11,411","11,411","11,411","11,411","11,411","11,411","11,411","9,411","8,444","8,444","8,444","8,444","8,444","8,444","8,444","8,444","8,444","8,699","8,699","8,699","8,699","8,699","8,699","1,350"
,Gulf of Mexico,"1,322","1,322","1,322","1,322","1,322","1,322","1,322","1,322","1,322","1,322","1,322","1,322","1,322","1,322","1,322","1,313","1,313","1,313","1,275","1,275","1,275",275,275,275,275,
,Louisiana,"20,666","20,666","20,666","20,666","20,621","20,621","20,621","20,621","20,261","19,695","18,162","15,322","15,322","15,322","15,322","15,269","14,815","14,585","14,300","14,300","13,991","13,991","13,991","13,836","13,463",70
,Tennessee,"6,519","6,519","2,821","1,658",540,540,,,,,,,,,,,,,,,,,,,,
Mississippi Total,,"43,388","43,388","39,190","37,682","36,144","35,044","34,504","34,504","34,144","31,578","28,128","25,288","25,288","25,288","25,288","25,226","24,772","24,542","24,219","24,474","24,165","23,165","23,165","23,010","22,637","1,420"
Missouri,Arkansas,"2,761","2,761","2,761","2,761","2,761","2,761","2,761","2,761","2,761","2,761","2,761","2,761","2,761","2,761","2,761","2,761","2,761","2,761","2,761","2,761","2,761","2,761","2,763","2,761","2,761",
,Illinois,"3,350","2,890","2,890",890,890,890,890,890,890,890,890,890,890,890,890,890,890,870,870,870,870,870,870,870,870,
,Kansas,"4,934","4,934","4,934","4,934","4,934","4,934","4,934","4,934","4,934","4,934","4,634","3,084","3,134","3,134","3,134","3,067","3,000","3,000","2,857","2,857","2,857","2,857","2,581","2,581","2,581",
,Nebraska,693,693,693,693,693,693,693,693,693,693,693,693,693,693,693,693,693,693,693,693,693,693,693,693,693,
,Oklahoma,80,80,80,80,80,80,80,80,80,80,80,80,80,55,55,55,55,55,55,55,47,47,47,47,47,
Missouri Total,,"11,818","11,358","11,358","9,358","9,358","9,358","9,358","9,358","9,358","9,358","9,058","7,508","7,558","7,533","7,533","7,466","7,399","7,379","7,236","7,236","7,228","7,228","6,954","6,952","6,952",
Montana,Alberta,144,144,144,144,144,144,144,144,144,144,144,144,144,144,144,144,100,100,100,100,100,100,100,100,100,
,North Dakota,268,268,268,268,268,268,268,268,268,268,268,268,268,268,268,268,268,268,268,268,268,268,268,268,268,
,Saskatchewan,"2,383","2,383","2,383","2,383","2,383","2,383","2,383","2,383","2,383","2,383","2,383","2,383","2,383","2,383","2,383","2,383","2,383","2,199","2,199","2,199","2,189","1,489","1,489","1,489","1,489",
,Wyoming,974,974,974,974,974,974,974,974,497,497,497,456,456,456,456,456,362,362,362,322,322,269,269,269,269,
Montana Total,,"3,769","3,769","3,769","3,769","3,769","3,769","3,769","3,769","3,292","3,292","3,292","3,251","3,251","3,251","3,251","3,251","3,113","2,929","2,929","2,889","2,879","2,126","2,126","2,126","2,126",
Nebraska,Colorado,"2,838","2,838","2,838","2,838","2,838","3,093","3,093","3,093","3,093","3,093","2,793","1,293","1,293","1,293","1,293","1,231","1,231",907,907,907,907,907,427,427,427,
,Kansas,"4,305","4,305","4,305","4,305","4,305","4,305","4,305","4,305","4,305","4,305","4,305","4,305","4,273","4,273","4,273","4,273","4,273","4,183","4,183","4,183","4,183","4,183","4,134","4,134","4,134",610
,South Dakota,125,125,125,125,125,125,125,125,125,125,125,125,125,125,125,125,125,125,125,125,125,125,125,125,125,
,Wyoming,"2,736","2,736","2,736","2,736","2,736","2,991","2,991","2,991","2,991","2,991","2,691","1,191","1,191","1,191","1,191","1,191","1,191",867,867,867,867,867,507,507,507,
Nebraska Total,,"10,004","10,004","10,004","10,004","10,004","10,514","10,514","10,514","10,514","10,514","9,914","6,914","6,882","6,882","6,882","6,820","6,820","6,082","6,082","6,082","6,082","6,082","5,193","5,193","5,193",610
Nevada,Arizona,165,165,165,165,165,165,165,165,165,165,165,165,165,165,165,165,165,165,165,165,165,165,165,165,165,
,California,162,162,162,162,162,162,162,162,162,162,162,162,162,162,162,162,162,108,108,108,108,108,108,108,0,
,Idaho,158,158,158,158,158,158,158,158,158,158,158,158,158,158,158,158,158,158,158,158,158,158,158,158,158,
,Utah,"3,945","3,945","3,945","3,945","3,945","3,945","3,945","3,945","2,179","2,034","2,034","2,034","2,034","2,034","2,034","2,034",910,910,775,775,775,775,775,775,775,
Nevada Total,,"4,430","4,430","4,430","4,430","4,430","4,430","4,430","4,430","2,664","2,519","2,519","2,519","2,519","2,519","2,519","2,519","1,395","1,341","1,206","1,206","1,206","1,206","1,206","1,206","1,098",
New Brunswick,Maine,833,833,833,833,833,833,833,833,833,833,415,415,415,415,415,415,415,415,415,,,,,,,
New Brunswick Total,,833,833,833,833,833,833,833,833,833,833,415,415,415,415,415,415,415,415,415,,,,,,,
New Hampshire,Maine,"1,082","1,080","1,080","1,080","1,080","1,080","1,080","1,080","1,080","1,080",875,875,875,875,875,875,837,659,619,619,31,31,31,31,31,
,Massachusetts,232,232,232,232,232,232,232,232,232,232,232,232,232,232,232,232,232,232,106,106,106,106,106,106,106,
,Quebec,325,274,216,216,216,216,216,216,216,216,216,216,216,216,216,216,216,216,178,178,0,0,0,0,0,
New Hampshire Total,,"1,639","1,586","1,528","1,528","1,528","1,528","1,528","1,528","1,528","1,528","1,323","1,323","1,323","1,323","1,323","1,323","1,285","1,107",903,903,137,137,137,137,137,
New Jersey,Delaware,141,141,141,141,141,141,141,141,141,141,141,141,141,141,141,141,141,141,141,141,141,141,141,141,141,
,New York,275,275,275,275,275,275,275,275,275,,,,,,,,,,,,,,,,,
,Pennsylvania,"10,681","10,681","10,566","10,566","10,404","9,704","8,818","8,818","8,468","8,468","8,406","8,216","7,966","7,865","7,760","7,760","7,711","7,358","7,196","7,196","7,196","7,180","7,180","7,155","7,031",
New Jersey Total,,"11,097","11,097","10,982","10,982","10,820","10,120","9,234","9,234","8,884","8,609","8,547","8,357","8,107","8,006","7,901","7,901","7,852","7,499","7,337","7,337","7,337","7,321","7,321","7,296","7,172",
New Mexico,Colorado,"1,992","1,992","1,992","1,992","1,992","1,992","1,992","1,992","1,992","1,992","1,992","1,992","1,992","1,992","1,992","1,720","1,720","1,720","1,720","1,720","1,420","1,280","1,280","1,034",981,
,Texas,"4,752","4,570","4,570","4,570","4,570","4,570","4,570","4,570","4,570","4,570","4,570","4,570","4,570","4,570","4,570","4,250","4,250","4,020","4,020","4,020","4,020","4,020","4,020","3,905","3,905",
New Mexico Total,,"6,744","6,562","6,562","6,562","6,562","6,562","6,562","6,562","6,562","6,562","6,562","6,562","6,562","6,562","6,562","5,970","5,970","5,740","5,740","5,740","5,440","5,300","5,300","4,939","4,886",
New York,Connecticut,895,895,895,895,895,895,895,895,895,620,520,420,420,420,420,364,364,285,285,285,285,250,250,250,250,
,New Jersey,"5,198","5,105","4,950","4,608","4,608","4,508","3,708","3,708","3,708","3,708","3,708","3,708","3,608","3,608","3,608","3,608","3,608","3,355","3,055","3,055","3,055","3,055","3,055","3,055","3,055","1,018"
,Ontario,"3,315","3,315","3,315","3,315","3,315","3,315","3,315","3,315","3,315","3,315","3,315","3,090","3,090","3,090","3,090","2,861","2,861","2,646","2,506","2,506","2,506","2,471","2,344","2,344","2,219",
,Pennsylvania,"4,648","4,648","4,536","4,536","4,386","4,386","4,386","3,966","3,291","3,291","3,291","3,291","3,291","3,291","3,291","3,291","3,291","3,291","2,804","2,804","2,804","2,804","3,343","3,343","3,343",
New York Total,,"14,056","13,963","13,696","13,354","13,204","13,104","12,304","11,884","11,209","10,934","10,834","10,509","10,409","10,409","10,409","10,124","10,124","9,577","8,650","8,650","8,650","8,580","8,992","8,992","8,867","1,018"
North Carolina,South Carolina,"4,006","4,006","4,006","4,006","4,006","4,006","4,006","3,911","3,692","3,692","3,692","3,692","3,692","3,692","3,692","3,639","3,377","3,147","3,147","3,147","3,147","3,147","3,002","2,947","2,832",
,Virginia,"3,120","2,543","2,097","2,097","1,027","1,027","1,027","1,027","1,027","1,027","1,027",772,772,772,772,772,457,457,457,457,457,445,445,445,445,
North Carolina Total,,"7,126","6,549","6,103","6,103","5,033","5,033","5,033","4,938","4,719","4,719","4,719","4,464","4,464","4,464","4,464","4,411","3,834","3,604","3,604","3,604","3,604","3,592","3,447","3,392","3,277",
North Dakota,Minnesota,134,101,101,101,101,101,101,101,101,101,63,63,63,63,63,63,63,63,63,63,63,63,63,63,63,
,Montana,"3,199","3,199","3,199","3,199","3,199","3,199","3,199","3,199","2,722","2,722","2,647","2,606","2,565","2,565","2,565","2,565","2,485","2,485","2,485","2,485","2,485","1,785","1,785","1,785","1,785",
,Saskatchewan,"1,924","1,924","1,924","1,924","1,924","1,924","1,924","1,924","1,924","1,924","1,924","1,924","1,924","1,924","1,849","1,849","1,849","1,681","1,681",49,31,31,10,10,10,0
,South Dakota,53,53,53,53,53,53,53,53,53,53,53,53,53,53,53,53,53,53,53,53,53,53,53,53,53,
North Dakota Total,,"5,310","5,277","5,277","5,277","5,277","5,277","5,277","5,277","4,800","4,800","4,687","4,646","4,605","4,605","4,530","4,530","4,450","4,282","4,282","2,650","2,632","1,932","1,911","1,911","1,911",0
Ohio,Indiana,"7,095","7,095","7,095","7,095","7,095","7,095","7,095","7,095","7,095","7,095","5,295","5,295","5,295","5,295","5,295","5,295","5,295","5,295","5,295","5,295","5,295","4,990","4,990","4,990","4,740","1,748"
,Kentucky,"4,164","4,164","4,164","4,164","4,164","4,164","4,164","4,164","4,164","4,164","4,164","4,164","4,164","4,164","4,164","4,164","4,164","4,164","4,164","4,164","4,164","4,164","4,164","4,164","4,164",
,Michigan,100,100,100,100,100,100,100,100,100,100,100,100,100,100,100,100,100,100,100,100,100,100,100,100,100,100
,Pennsylvania,"2,170","2,170","2,170","2,040","2,040","2,040","2,040","2,040","2,040","2,040",465,465,465,465,465,465,465,465,465,465,465,465,465,465,465,
,West Virginia,"9,485","5,655","5,015","3,555","2,535","1,635","1,635","1,635","1,635","1,635","1,635","1,635","1,635","1,635","1,635","1,635","1,635","1,635","1,635","1,635","1,635","1,613","1,613","1,613","1,613",
Ohio Total,,"23,014","19,184","18,544","16,954","15,934","15,034","15,034","15,034","15,034","15,034","11,659","11,659","11,659","11,659","11,659","11,659","11,659","11,659","11,659","11,659","11,659","11,332","11,332","11,332","11,082","1,848"
Oklahoma,Arkansas,20,20,20,20,20,20,20,20,20,20,20,20,20,20,20,20,20,20,20,20,20,20,20,20,20,
,Colorado,514,514,514,514,514,514,514,514,514,514,514,514,485,485,381,381,381,333,250,250,250,250,250,250,250,
,Kansas,887,887,887,887,887,887,887,887,887,887,887,887,858,858,754,754,754,754,754,674,674,674,674,674,674,
,Texas,"4,541","4,541","4,541","4,541","4,541","4,541","4,541","4,541","4,541","4,541","4,541","4,541","4,541","4,521","4,496","4,496","4,496","4,496","4,496","4,496","4,496","4,496","4,496","4,476","4,476",
Oklahoma Total,,"5,962","5,962","5,962","5,962","5,962","5,962","5,962","5,962","5,962","5,962","5,962","5,962","5,904","5,884","5,651","5,651","5,651","5,603","5,520","5,440","5,440","5,440","5,440","5,420","5,420",
Ontario,Michigan,"4,159","4,159","4,159","4,159","4,159","4,159","4,159","4,159","4,159","4,159","3,844","3,844","3,599","3,599","3,599","3,599","3,599","3,319","3,319","1,117","1,117","1,117","1,117",967,467,0
,Minnesota,63,63,63,63,63,63,63,63,63,63,63,63,63,63,63,63,63,63,63,63,63,63,63,63,63,
,New York,"1,050","1,050","1,050","1,050",770,770,770,450,100,100,100,100,100,100,100,100,100,100,0,0,0,0,0,0,0,
Ontario Total,,"5,272","5,272","5,272","5,272","4,992","4,992","4,992","4,672","4,322","4,322","4,007","4,007","3,762","3,762","3,762","3,762","3,762","3,482","3,382","1,180","1,180","1,180","1,180","1,030",530,0
Oregon,Idaho,429,429,429,429,429,429,429,429,429,429,429,429,429,429,429,429,254,254,254,254,254,254,254,254,254,
,Nevada,"1,500","1,500","1,500","1,500","1,500","1,500","1,500","1,500",0,0,0,0,0,0,0,0,0,0,0,0,0,0,0,0,0,
,Washington,"3,620","3,620","3,620","3,620","3,620","3,620","3,620","3,620","3,620","3,620","3,620","3,620","3,620","3,620","3,620","3,620","3,620","3,413","3,413","3,413","3,413","3,339","3,339","3,339","3,334",
Oregon Total,,"5,549","5,549","5,549","5,549","5,549","5,549","5,549","5,549","4,049","4,049","4,049","4,049","4,049","4,049","4,049","4,049","3,874","3,667","3,667","3,667","3,667","3,593","3,593","3,593","3,588",
Pennsylvania,Maryland,"3,306","3,306","3,306","3,306","3,306","3,306","3,306","3,306","3,306","3,306","3,306","2,606","2,606","2,606","2,606","2,606","2,606","2,606","2,606","2,606","2,606","2,606","2,606","2,606","2,606",
,New Jersey,"1,921","1,921","1,921","1,921","1,921","1,921","1,921","1,921","1,921","1,921","1,921","1,921","1,921","1,921","1,921","1,921","1,900","1,900","1,900","1,900","1,900","1,900","1,900","1,900","1,900",
,New York,"1,508","1,508","1,508","1,508","1,508","1,508","1,508","1,508","1,183","1,183","1,183","1,183","1,183","1,183","1,183","1,183","1,183",696,696,696,696,674,649,649,649,
,Ohio,"2,142","2,142","2,142","2,142","2,142","2,142","2,142","2,142","2,142","2,142","2,142","2,142","2,142","2,142","2,142","2,142","2,142","2,142","2,142","2,142","2,142","2,142","2,142","2,142","2,142",
,West Virginia,"6,903","6,903","6,903","6,903","6,903","6,718","6,718","5,510","5,510","5,433","5,283","5,133","5,085","5,032","5,032","4,815","4,815","4,715","4,715","4,715","4,715","4,683","4,589","4,564","4,519",
Pennsylvania Total,,"15,780","15,780","15,780","15,780","15,780","15,595","15,595","14,387","14,062","13,985","13,835","12,985","12,937","12,884","12,884","12,667","12,646","12,059","12,059","12,059","12,059","12,005","11,886","11,861","11,816",
Quebec,New Hampshire,216,216,216,216,216,216,216,216,216,216,216,216,216,216,216,216,0,0,0,0,0,0,0,0,0,
Quebec Total,,216,216,216,216,216,216,216,216,216,216,216,216,216,216,216,216,0,0,0,0,0,0,0,0,0,
Rhode Island,Connecticut,"1,235","1,142","1,102",760,760,760,760,760,760,760,760,760,760,760,760,760,760,760,760,760,760,760,760,760,760,665
,Massachusetts,448,448,448,448,448,448,448,448,448,173,173,173,173,173,173,173,173,173,173,173,173,173,173,173,173,
Rhode Island Total,,"1,683","1,590","1,550","1,208","1,208","1,208","1,208","1,208","1,208",933,933,933,933,933,933,933,933,933,933,933,933,933,933,933,933,665
Saskatchewan,Montana,81,81,81,81,81,81,81,81,81,81,81,81,81,81,81,81,81,81,66,66,66,66,66,66,66,
,North Dakota,30,,,,,,,,,,,,,,,,,,,,,,,,,
Saskatchewan Total,,111,81,81,81,81,81,81,81,81,81,81,81,81,81,81,81,81,81,66,66,66,66,66,66,66,
South Carolina,Georgia,"4,843","4,843","4,843","4,843","4,843","4,843","4,843","4,748","4,529","4,529","4,529","4,529","4,529","4,529","4,529","4,338","3,836","3,606","3,606","3,606","3,606","3,606","3,416","3,361","3,246",
,North Carolina,"1,700",975,525,525,,,,,,,,,,,,,,,,,,,,,,
South Carolina Total,,"6,543","5,818","5,368","5,368","4,843","4,843","4,843","4,748","4,529","4,529","4,529","4,529","4,529","4,529","4,529","4,338","3,836","3,606","3,606","3,606","3,606","3,606","3,416","3,361","3,246",
South Dakota,Iowa,94,94,94,94,94,94,94,94,94,94,94,94,78,78,78,78,78,78,78,78,78,78,78,78,78,
,Nebraska,125,125,125,125,125,125,125,125,125,125,125,125,125,125,125,125,125,125,125,125,125,125,125,125,125,
,North Dakota,"2,429","2,429","2,429","2,429","2,429","2,429","2,429","2,429","2,429","2,429","2,429","2,429","2,429","2,429","2,429","2,429","2,429","2,429","2,429","2,429","2,429","1,729","1,729","1,729","1,729",
,Wyoming,27,27,27,27,27,27,27,27,27,27,27,27,27,27,27,27,27,27,27,27,27,27,27,27,27,
South Dakota Total,,"2,675","2,675","2,675","2,675","2,675","2,675","2,675","2,675","2,675","2,675","2,675","2,675","2,659","2,659","2,659","2,659","2,659","2,659","2,659","2,659","2,659","1,959","1,959","1,959","1,959",
Tennessee,Alabama,"4,140","4,140","4,140","4,140","4,140","4,140","4,140","4,140","4,140","4,140","4,140","4,140","4,140","4,140","4,140","4,083","4,083","4,083","4,083","4,083","4,083","4,083","4,083","4,083","4,083",
,Georgia,151,151,151,151,151,151,151,151,151,151,151,151,151,151,151,151,151,151,151,151,151,56,56,56,45,
,Kentucky,"9,334","9,278","7,285","4,538","2,958","2,070","1,230","1,230","1,230","1,230",380,380,380,380,380,380,380,30,30,30,30,30,30,30,30,
,Mississippi,"10,029","10,029","10,029","10,029","10,029","10,029","10,029","10,029","10,029","10,029","10,029","10,029","10,029","10,029","10,029","10,029","10,029","10,029","10,285","10,050","9,743","9,743","9,743","9,743","9,743",8
,Virginia,220,220,220,220,220,220,220,220,70,70,70,70,70,50,50,50,50,50,50,50,50,50,26,15,15,
Tennessee Total,,"23,874","23,818","21,825","19,078","17,498","16,610","15,770","15,770","15,620","15,620","14,770","14,770","14,770","14,750","14,750","14,693","14,693","14,343","14,599","14,364","14,057","13,962","13,938","13,927","13,916",8
Texas,Arkansas,"1,210",750,750,750,750,750,750,750,750,750,750,750,750,750,750,750,750,750,750,750,750,750,750,750,750,
,Gulf of Mexico,"2,178","2,178","2,178","2,178","2,658","2,658","2,658","2,658","2,658","2,658","2,658","2,658","2,658","2,658","2,658","2,658","2,658","2,658","2,658","2,658","2,658","2,658","2,658","2,658","2,658",
,Louisiana,"2,587","2,587","1,270","1,270","1,270","1,270","1,270","1,270","1,270","1,270","1,270","1,270","1,270","1,270","1,270","1,270","1,267","1,267","1,267","1,267","1,267","1,267","1,267","1,267","1,267",
,Mexico,925,925,925,925,925,925,925,925,925,925,925,865,865,865,865,865,865,865,865,350,350,350,350,350,350,
,New Mexico,"2,396","2,396","2,396","2,396","2,396","2,396","2,396","2,396","2,396","2,396","2,396","2,396","2,396","2,396","2,396","2,386","2,386","2,386","2,386","2,386","2,386","2,386","2,386","2,386","2,386",
,Oklahoma,"7,288","6,888","6,888","6,888","6,888","6,888","6,888","6,888","6,888","6,588","3,329","3,329","3,329","3,329","3,256","3,256","3,256","3,256","3,172","3,172","3,142","3,142","3,142","3,142","3,142",
Texas Total,,"16,584","15,724","14,407","14,407","14,887","14,887","14,887","14,887","14,887","14,587","11,328","11,268","11,268","11,268","11,195","11,185","11,182","11,182","11,098","10,583","10,553","10,553","10,553","10,553","10,553",
Utah,Colorado,563,563,563,563,563,563,563,563,563,413,413,413,413,413,413,413,413,413,413,413,413,413,413,413,413,
,Idaho,298,298,298,298,298,298,298,298,298,298,298,298,298,298,298,298,298,298,298,298,298,298,298,298,298,
,Wyoming,"5,824","5,824","5,874","5,874","5,874","5,874","5,874","5,874","4,108","3,963","3,963","3,963","3,963","3,963","3,963","3,963","2,641","2,641","2,466","2,466","2,466","2,332","2,332","2,311","2,311",
Utah Total,,"6,685","6,685","6,735","6,735","6,735","6,735","6,735","6,735","4,969","4,674","4,674","4,674","4,674","4,674","4,674","4,674","3,352","3,352","3,177","3,177","3,177","3,043","3,043","3,022","3,022",
Vermont,Quebec,62,62,62,62,62,62,62,62,62,62,62,52,52,52,52,52,52,52,52,52,74,74,74,74,74,
Vermont Total,,62,62,62,62,62,62,62,62,62,62,62,52,52,52,52,52,52,52,52,52,74,74,74,74,74,
Virginia,Kentucky,50,50,50,50,50,50,50,50,50,50,50,50,50,50,50,50,50,50,50,50,50,50,50,50,50,
,Maryland,"4,258","3,258","2,703","2,703","2,272","2,272","2,272","1,852","1,852","1,852","1,852","1,052","1,052","1,052","1,052",835,835,835,835,835,835,835,835,835,219,
,North Carolina,"3,035","3,035","3,035","3,035","3,035","3,035","3,035","3,035","3,035","3,035","3,035","3,035","2,870","2,870","2,870","2,817","2,817","2,587","2,587","2,587","2,587","2,587","2,587","2,587","2,472",
,Tennessee,70,70,70,70,70,70,70,70,70,70,70,70,70,50,50,50,50,50,50,50,50,50,26,15,15,
,West Virginia,"2,656","2,156","2,156","2,156","2,156","2,156","2,156","2,156","2,156","2,156","2,156","2,156","2,156","2,156","2,156","2,156","2,156","2,156","2,156","2,156","2,156","2,108","1,955","1,955","1,955",
Virginia Total,,"10,069","8,569","8,014","8,014","7,583","7,583","7,583","7,163","7,163","7,163","7,163","6,363","6,198","6,178","6,178","5,908","5,908","5,678","5,678","5,678","5,678","5,630","5,453","5,442","4,711",
Washington,British Columbia,"1,832","1,832","1,832","1,832","1,832","1,832","1,832","1,832","1,832","1,832","1,832","1,832","1,832","1,832","1,832","1,676","1,676","1,676","1,676","1,676","1,676","1,676","1,595","1,561","1,480",
,Idaho,"2,561","2,561","2,561","2,561","2,561","2,561","2,561","2,561","2,561","2,561","2,561","2,561","2,561","2,561","2,561","2,561","2,561","2,354","2,354","2,354","2,354","2,280","2,280","2,280","2,280",
,Oregon,883,883,883,883,883,883,883,883,883,883,883,883,883,883,883,883,708,708,708,708,657,657,657,657,657,
Washington Total,,"5,276","5,276","5,276","5,276","5,276","5,276","5,276","5,276","5,276","5,276","5,276","5,276","5,276","5,276","5,276","5,120","4,945","4,738","4,738","4,738","4,687","4,613","4,532","4,498","4,417",
West Virginia,Kentucky,"2,843","2,843","2,843","2,843","2,843","2,843","2,843","2,843","2,843","2,843","2,843","2,843","2,843","2,843","2,843","2,843","2,843","2,843","2,843","2,843","2,536","2,536","2,536","2,536","2,536",
,Maryland,5,5,5,5,5,5,5,5,5,5,5,5,5,5,5,5,5,5,5,5,5,5,5,5,5,
,Ohio,"4,855","3,355","3,355","3,355","3,355","3,355","3,355","3,355","3,205","3,055","2,905","2,755","2,755","2,755","2,755","2,755","2,755","2,755","2,755","2,755","2,755","2,755","2,755","2,730","2,686",
,Pennsylvania,"7,516","5,616","4,975","4,615","2,754","1,410","1,410","1,410","1,410","1,186","1,186","1,186","1,186","1,186","1,186","1,186","1,186","1,186","1,186","1,186","1,078",911,670,670,670,
West Virginia Total,,"15,219","11,819","11,178","10,818","8,957","7,613","7,613","7,613","7,463","7,089","6,939","6,789","6,789","6,789","6,789","6,789","6,789","6,789","6,789","6,789","6,374","6,207","5,966","5,941","5,897",
Wisconsin,Illinois,"3,558","3,327","3,327","3,327","3,327","3,327","3,327","3,327","3,327","3,327","2,790","2,790","2,790","2,747","2,747","2,747","2,747","1,997","1,997","1,807","1,658","1,658","1,658","1,636","1,598","1,268"
,Michigan,"3,086","3,086","3,086","3,086","3,086","3,086","3,086","3,086","3,086","3,086","3,086","3,086","3,086","2,961","2,961","2,961","2,961","2,961","2,961","2,961","2,961","2,835","2,835","2,835","2,835",735
,Minnesota,"2,876","2,876","2,876","2,876","2,876","2,876","2,876","2,876","2,876","2,876","2,876","2,876","2,863","2,863","2,863","2,863","2,863","2,863","2,863","2,863","2,835","2,709","2,647","2,647","2,647",
Wisconsin Total,,"9,520","9,289","9,289","9,289","9,289","9,289","9,289","9,289","9,289","9,289","8,752","8,752","8,739","8,571","8,571","8,571","8,571","7,821","7,821","7,631","7,454","7,202","7,140","7,118","7,080","2,003"
Wyoming,Colorado,"4,715","4,715","4,715","4,715","4,715","4,715","4,715","4,715","4,715","4,715","4,415","2,915","2,265","1,174","1,174","1,174","1,174",850,850,850,850,850,745,745,745,
,Montana,275,275,275,275,275,275,275,275,275,275,275,275,275,275,275,275,275,275,275,235,235,176,176,176,176,
,South Dakota,85,85,85,85,85,85,85,85,85,85,85,85,85,85,85,85,85,85,85,85,85,45,45,45,45,
,Utah,"1,450","1,450","1,450","1,450","1,450","1,450","1,450","1,450","1,450","1,120","1,120","1,120",714,714,714,714,714,714,714,714,714,629,629,629,629,
Wyoming Total,,"6,525","6,525","6,525","6,525","6,525","6,525","6,525","6,525","6,525","6,195","5,895","4,395","3,339","2,248","2,248","2,248","2,248","1,924","1,924","1,884","1,884","1,700","1,595","1,595","1,595",